:START_ID,:END_ID,:TYPE
2,1,CHILD_OF
2,1,PARENT
2,3,PARENT
4,1,CHILD_OF
4,1,PARENT
3,1,CHILD_OF
3,1,PARENT
5,3,CHILD_OF
5,3,PARENT
6,3,CHILD_OF
6,3,PARENT
7,6,CHILD_OF
7,6,PARENT
7,8,PARENT
9,6,CHILD_OF
9,6,PARENT
9,8,PARENT
10,3,CHILD_OF
10,3,PARENT
11,10,CHILD_OF
11,10,PARENT
11,12,PARENT
13,11,CHILD_OF
13,11,PARENT
14,11,CHILD_OF
14,11,PARENT
15,10,CHILD_OF
15,10,PARENT
15,12,PARENT
13,15,CHILD_OF
13,15,PARENT
14,15,CHILD_OF
14,15,PARENT
16,15,CHILD_OF
16,15,PARENT
17,10,CHILD_OF
17,10,PARENT
17,12,PARENT
13,17,CHILD_OF
13,17,PARENT
18,10,CHILD_OF
18,10,PARENT
18,12,PARENT
19,18,CHILD_OF
19,18,PARENT
13,18,CHILD_OF
13,18,PARENT
14,18,CHILD_OF
14,18,PARENT
20,18,CHILD_OF
20,18,PARENT
21,10,CHILD_OF
21,10,PARENT
21,12,PARENT
19,21,CHILD_OF
19,21,PARENT
13,21,CHILD_OF
13,21,PARENT
14,21,CHILD_OF
14,21,PARENT
20,21,CHILD_OF
20,21,PARENT
22,10,CHILD_OF
22,10,PARENT
22,12,PARENT
13,22,CHILD_OF
13,22,PARENT
14,22,CHILD_OF
14,22,PARENT
16,22,CHILD_OF
16,22,PARENT
23,10,CHILD_OF
23,10,PARENT
23,12,PARENT
13,23,CHILD_OF
13,23,PARENT
24,10,CHILD_OF
24,10,PARENT
24,12,PARENT
25,10,CHILD_OF
25,10,PARENT
25,12,PARENT
20,25,CHILD_OF
20,25,PARENT
26,10,CHILD_OF
26,10,PARENT
26,12,PARENT
27,10,CHILD_OF
27,10,PARENT
27,12,PARENT
13,27,CHILD_OF
13,27,PARENT
14,27,CHILD_OF
14,27,PARENT
28,10,CHILD_OF
28,10,PARENT
28,12,PARENT
29,10,CHILD_OF
29,10,PARENT
29,12,PARENT
13,29,CHILD_OF
13,29,PARENT
14,29,CHILD_OF
14,29,PARENT
30,10,CHILD_OF
30,10,PARENT
30,12,PARENT
31,10,CHILD_OF
31,10,PARENT
31,12,PARENT
32,10,CHILD_OF
32,10,PARENT
32,12,PARENT
19,32,CHILD_OF
19,32,PARENT
20,32,CHILD_OF
20,32,PARENT
33,10,CHILD_OF
33,10,PARENT
33,12,PARENT
19,33,CHILD_OF
19,33,PARENT
20,33,CHILD_OF
20,33,PARENT
34,10,CHILD_OF
34,10,PARENT
34,12,PARENT
13,34,CHILD_OF
13,34,PARENT
14,34,CHILD_OF
14,34,PARENT
35,10,CHILD_OF
35,10,PARENT
35,12,PARENT
13,35,CHILD_OF
13,35,PARENT
14,35,CHILD_OF
14,35,PARENT
36,10,CHILD_OF
36,10,PARENT
36,12,PARENT
13,36,CHILD_OF
13,36,PARENT
37,36,CHILD_OF
37,36,PARENT
37,38,PARENT
38,36,CHILD_OF
38,36,PARENT
38,38,PARENT
39,10,CHILD_OF
39,10,PARENT
39,12,PARENT
40,39,CHILD_OF
40,39,PARENT
12,39,CHILD_OF
12,39,PARENT
41,10,CHILD_OF
41,10,PARENT
41,12,PARENT
8,41,CHILD_OF
8,41,PARENT
12,41,CHILD_OF
12,41,PARENT
42,10,CHILD_OF
42,10,PARENT
42,12,PARENT
8,42,CHILD_OF
8,42,PARENT
12,42,CHILD_OF
12,42,PARENT
12,43,CHILD_OF
12,39,PARENT
12,41,PARENT
12,44,PARENT
12,42,PARENT
8,43,CHILD_OF
8,41,PARENT
8,42,PARENT
14,43,CHILD_OF
14,11,PARENT
14,15,PARENT
14,21,PARENT
14,18,PARENT
14,45,PARENT
14,46,PARENT
47,43,CHILD_OF
47,16,PARENT
13,43,CHILD_OF
13,11,PARENT
13,15,PARENT
13,17,PARENT
13,21,PARENT
13,18,PARENT
13,22,PARENT
13,23,PARENT
13,45,PARENT
13,46,PARENT
13,48,PARENT
13,49,PARENT
13,50,PARENT
13,51,PARENT
13,52,PARENT
37,43,CHILD_OF
37,38,PARENT
37,36,PARENT
40,43,CHILD_OF
40,39,PARENT
40,44,PARENT
40,53,PARENT
54,43,CHILD_OF
54,53,PARENT
19,43,CHILD_OF
19,21,PARENT
19,18,PARENT
38,43,CHILD_OF
38,38,PARENT
38,36,PARENT
38,49,PARENT
20,43,CHILD_OF
20,21,PARENT
20,18,PARENT
20,25,PARENT
20,53,PARENT
20,55,PARENT
20,56,PARENT
20,49,PARENT
20,57,PARENT
20,58,PARENT
16,43,CHILD_OF
16,15,PARENT
16,22,PARENT
16,59,PARENT
16,60,PARENT
16,61,PARENT
16,62,PARENT
16,63,PARENT
16,64,PARENT
16,37,PARENT
66,65,CHILD_OF
67,65,CHILD_OF
68,65,CHILD_OF
69,65,CHILD_OF
70,65,CHILD_OF
71,65,CHILD_OF
72,65,CHILD_OF
73,65,CHILD_OF
48,65,CHILD_OF
74,65,CHILD_OF
75,65,CHILD_OF
76,65,CHILD_OF
77,65,CHILD_OF
78,65,CHILD_OF
79,65,CHILD_OF
80,65,CHILD_OF
81,65,CHILD_OF
82,65,CHILD_OF
58,65,CHILD_OF
57,65,CHILD_OF
83,65,CHILD_OF
84,65,CHILD_OF
85,65,CHILD_OF
86,65,CHILD_OF
87,65,CHILD_OF
88,65,CHILD_OF
89,65,CHILD_OF
90,65,CHILD_OF
91,65,CHILD_OF
92,65,CHILD_OF
49,65,CHILD_OF
93,65,CHILD_OF
94,65,CHILD_OF
95,65,CHILD_OF
96,65,CHILD_OF
50,65,CHILD_OF
97,65,CHILD_OF
51,65,CHILD_OF
98,65,CHILD_OF
99,65,CHILD_OF
100,65,CHILD_OF
101,65,CHILD_OF
102,65,CHILD_OF
52,65,CHILD_OF
103,65,CHILD_OF
104,65,CHILD_OF
105,65,CHILD_OF
106,65,CHILD_OF
107,65,CHILD_OF
